#,Group,Public ID,현재 제목,Engine,Level,핵심 옵션,SIGNAL,SELECT,MOVE,Family,CMS,Asset,Status,Risk,문제 요약,Root Mechanic,Variant,Backward Compatibility,Evidence File,Recommended Next Action
1,reaction-cognition,reaction-cognition-space-direction-01,화살표,basic,1,spatialArrow none,SIGNAL: 전체 화면 중앙에 흰(기본) 큰 화살표가 나타난다.,SELECT: 화살표가 가리키는 방향.,MOVE: 해당 방향 SPOMAT 색 패드로 이동한다.,reaction-space-direction,VERIFY (pilot seed in repo; live pack unread),ASSET VERIFY REQUIRED,PASS,P2,설명·파일 정합. 라이브 CMS/썸네일 미확인.,rc-space-direction,base,LOW,app/admin/spomove/training/_player/lib/signals.ts basic L1,Metadata only if naming sprint
2,reaction-cognition,reaction-cognition-space-direction-color-01b,색상 화살표,basic,1,"spatialArrowColorMode=color mapping=compass",SIGNAL: 중앙 화살표가 방향별 고정 색으로 채워진다(위빨 좌초 우노 하파).,SELECT: 화살표 방향(색은 방향 힌트).,MOVE: 해당 방향 색 패드로 이동한다.,reaction-space-direction,VERIFY,ASSET VERIFY REQUIRED,WARN,P0,런타임은 PASS급이나 stroop-arrow-reverse-08과 TRUE DUPLICATE.,rc-space-direction,color-fill,YES if stroop-08 ID kept as this game,signals.ts spatialArrowFillForDirection,기존 stroop-08 HOLD + 이 ID 유지
3,reaction-cognition,reaction-cognition-quad-color-02,색상,basic,2,variantColorTheme=color,SIGNAL: 2x2 그리드 한 칸이 색으로 강조된다.,SELECT: 강조된 칸의 색.,MOVE: 해당 색 패드로 이동한다.,reaction-quadrant,VERIFY,ASSET VERIFY REQUIRED,PASS,P2,테마 루트 정합.,rc-quad,theme=color,LOW,signals.ts think_quad,none
4,reaction-cognition,reaction-cognition-quad-fruit-10,과일,basic,2,variantColorTheme=fruit,SIGNAL: 2x2 한 칸에 과일 이미지(색 매핑).,SELECT: 이미지에 대응하는 패드 색.,MOVE: 해당 색 패드로 이동한다.,reaction-quadrant,VERIFY,ASSET VERIFY REQUIRED,PASS,P2,fruit slides 전달 경로 확인. 에셋 로드 실패 시 null 가능.,rc-quad,theme=fruit,LOW,MemoryGameApp variantFruitSlides,ASSET VERIFY 테마 이미지
5,reaction-cognition,reaction-cognition-l2-animal-exp,동물,basic,2,variantColorTheme=animal,SIGNAL: 2x2 한 칸에 동물 테마 이미지.,SELECT: 이미지 색 매핑.,MOVE: 해당 색 패드로 이동한다.,reaction-quadrant,VERIFY,ASSET VERIFY REQUIRED,PASS,P2,Root rc-quad theme variant.,rc-quad,theme=animal,LOW,officialSpomovePresetExpansion.ts,none
6,reaction-cognition,reaction-cognition-l2-food-exp,음식,basic,2,variantColorTheme=food,SIGNAL: 2x2 한 칸에 음식 테마 이미지.,SELECT: 이미지 색 매핑.,MOVE: 해당 색 패드로 이동한다.,reaction-quadrant,VERIFY,ASSET VERIFY REQUIRED,PASS,P2,Root rc-quad theme variant.,rc-quad,theme=food,LOW,officialSpomovePresetExpansion.ts,none
7,reaction-cognition,reaction-cognition-l2-nature-exp,자연,basic,2,variantColorTheme=nature,SIGNAL: 2x2 한 칸에 자연 테마 이미지.,SELECT: 이미지 색 매핑.,MOVE: 해당 색 패드로 이동한다.,reaction-quadrant,VERIFY,ASSET VERIFY REQUIRED,PASS,P2,Root rc-quad theme variant.,rc-quad,theme=nature,LOW,officialSpomovePresetExpansion.ts,none
8,reaction-cognition,reaction-cognition-l2-vehicle-exp,탈 것,basic,2,variantColorTheme=vehicle,SIGNAL: 2x2 한 칸에 탈것 테마 이미지.,SELECT: 이미지 색 매핑.,MOVE: 해당 색 패드로 이동한다.,reaction-quadrant,VERIFY,ASSET VERIFY REQUIRED,PASS,P2,Root rc-quad theme variant.,rc-quad,theme=vehicle,LOW,officialSpomovePresetExpansion.ts,none
9,reaction-cognition,reaction-cognition-l2-mix-exp,믹스,basic,2,variantColorTheme=mix,SIGNAL: 2x2 한 칸에 믹스 테마 이미지.,SELECT: 이미지 색 매핑.,MOVE: 해당 색 패드로 이동한다.,reaction-quadrant,VERIFY,ASSET VERIFY REQUIRED,PASS,P2,Root rc-quad theme variant.,rc-quad,theme=mix,LOW,officialSpomovePresetExpansion.ts,none
10,reaction-cognition,reaction-cognition-full-color-03,전면단일 · 색상,basic,3,variantColorTheme=color,SIGNAL: 화면 전체가 한 색으로 채워진다.,SELECT: 화면 색.,MOVE: 해당 색 패드로 이동한다.,reaction-full,VERIFY,ASSET VERIFY REQUIRED,PASS,P2,정합.,rc-full,theme=color,LOW,signals.ts full_color,none
11,reaction-cognition,reaction-cognition-l3-fruit-exp,전면단일 · 과일,basic,3,variantColorTheme=fruit,SIGNAL: 전면에 과일 이미지+색.,SELECT: 이미지 색.,MOVE: 해당 색 패드로 이동한다.,reaction-full,VERIFY,ASSET VERIFY REQUIRED,PASS,P2,Root rc-full.,rc-full,theme=fruit,LOW,officialSpomovePresetExpansion.ts,none
12,reaction-cognition,reaction-cognition-full-animal-18,전면단일 · 동물,basic,3,variantColorTheme=animal,SIGNAL: 전면에 동물 이미지+색.,SELECT: 이미지 색.,MOVE: 해당 색 패드로 이동한다.,reaction-full,VERIFY,ASSET VERIFY REQUIRED,PASS,P2,코어 ID.,rc-full,theme=animal,LOW,officialSpomovePresets.ts,none
13,reaction-cognition,reaction-cognition-l3-food-exp,전면단일 · 음식,basic,3,variantColorTheme=food,SIGNAL: 전면에 음식 이미지+색.,SELECT: 이미지 색.,MOVE: 해당 색 패드로 이동한다.,reaction-full,VERIFY,ASSET VERIFY REQUIRED,PASS,P2,Root rc-full.,rc-full,theme=food,LOW,officialSpomovePresetExpansion.ts,none
14,reaction-cognition,reaction-cognition-full-nature-19,전면단일 · 자연,basic,3,variantColorTheme=nature,SIGNAL: 전면에 자연 이미지+색.,SELECT: 이미지 색.,MOVE: 해당 색 패드로 이동한다.,reaction-full,VERIFY,ASSET VERIFY REQUIRED,PASS,P2,코어 ID.,rc-full,theme=nature,LOW,officialSpomovePresets.ts,none
15,reaction-cognition,reaction-cognition-l3-vehicle-exp,전면단일 · 탈 것,basic,3,variantColorTheme=vehicle,SIGNAL: 전면에 탈것 이미지+색.,SELECT: 이미지 색.,MOVE: 해당 색 패드로 이동한다.,reaction-full,VERIFY,ASSET VERIFY REQUIRED,PASS,P2,Root rc-full.,rc-full,theme=vehicle,LOW,officialSpomovePresetExpansion.ts,none
16,reaction-cognition,reaction-cognition-l3-mix-exp,전면단일 · 믹스,basic,3,variantColorTheme=mix,SIGNAL: 전면에 믹스 이미지+색.,SELECT: 이미지 색.,MOVE: 해당 색 패드로 이동한다.,reaction-full,VERIFY,ASSET VERIFY REQUIRED,PASS,P2,Root rc-full.,rc-full,theme=mix,LOW,officialSpomovePresetExpansion.ts,none
17,reaction-cognition,reaction-cognition-split-color-04,2분할 · 색상,basic,4,variantColorTheme=color,SIGNAL: 좌우 두 패널에 서로 다른 색(또는 이미지)이 동시에 제시된다.,SELECT: 두 패널의 색.,MOVE: 해당 색 패드들로 이동한다(양측).,reaction-split,VERIFY,ASSET VERIFY REQUIRED,PASS,P2,basic L4 variantTier 3.,rc-split,theme=color,LOW,signals.ts basic_variant_color,none
18,reaction-cognition,reaction-cognition-l4-fruit-exp,2분할 · 과일,basic,4,variantColorTheme=fruit,SIGNAL: 좌우 패널에 과일 이미지.,SELECT: 두 이미지 색.,MOVE: 해당 색 패드들로 이동한다.,reaction-split,VERIFY,ASSET VERIFY REQUIRED,PASS,P2,Root rc-split.,rc-split,theme=fruit,LOW,officialSpomovePresetExpansion.ts,none
19,reaction-cognition,reaction-cognition-l4-animal-exp,2분할 · 동물,basic,4,variantColorTheme=animal,SIGNAL: 좌우 패널에 동물 이미지.,SELECT: 두 이미지 색.,MOVE: 해당 색 패드들로 이동한다.,reaction-split,VERIFY,ASSET VERIFY REQUIRED,PASS,P2,Root rc-split.,rc-split,theme=animal,LOW,officialSpomovePresetExpansion.ts,none
20,reaction-cognition,reaction-cognition-l4-food-exp,2분할 · 음식,basic,4,variantColorTheme=food,SIGNAL: 좌우 패널에 음식 이미지.,SELECT: 두 이미지 색.,MOVE: 해당 색 패드들로 이동한다.,reaction-split,VERIFY,ASSET VERIFY REQUIRED,PASS,P2,Root rc-split.,rc-split,theme=food,LOW,officialSpomovePresetExpansion.ts,none
21,reaction-cognition,reaction-cognition-l4-nature-exp,2분할 · 자연,basic,4,variantColorTheme=nature,SIGNAL: 좌우 패널에 자연 이미지.,SELECT: 두 이미지 색.,MOVE: 해당 색 패드들로 이동한다.,reaction-split,VERIFY,ASSET VERIFY REQUIRED,PASS,P2,Root rc-split.,rc-split,theme=nature,LOW,officialSpomovePresetExpansion.ts,none
22,reaction-cognition,reaction-cognition-l4-vehicle-exp,2분할 · 탈 것,basic,4,variantColorTheme=vehicle,SIGNAL: 좌우 패널에 탈것 이미지.,SELECT: 두 이미지 색.,MOVE: 해당 색 패드들로 이동한다.,reaction-split,VERIFY,ASSET VERIFY REQUIRED,PASS,P2,Root rc-split.,rc-split,theme=vehicle,LOW,officialSpomovePresetExpansion.ts,none
23,reaction-cognition,reaction-cognition-l4-mix-exp,2분할 · 믹스,basic,4,variantColorTheme=mix,SIGNAL: 좌우 패널에 믹스 이미지.,SELECT: 두 이미지 색.,MOVE: 해당 색 패드들로 이동한다.,reaction-split,VERIFY,ASSET VERIFY REQUIRED,PASS,P2,Root rc-split.,rc-split,theme=mix,LOW,officialSpomovePresetExpansion.ts,none
24,visual-reaction,visual-reaction-flash-33,시지각 반응 · 풍선 터뜨리기,reactTrain,3,variant=flash,SIGNAL: 색 풍선이 낙하해 하단 가시에 닿는다.,SELECT: 가시에 닿는 순간의 풍선 색.,MOVE: 해당 색 패드로 반응한다.,visual-flash,VERIFY (pilot seed),ASSET VERIFY REQUIRED,PASS,P2,EngineRouter reactTrain L3 → VisualReactionTraining flash.,vr-flash,base,LOW,EngineRouter.tsx + VisualReactionTraining.tsx,none
25,visual-reaction,visual-reaction-rush-39,시지각 반응 · 파도 피하기,reactTrain,1,RushReactionTraining,SIGNAL: 색 세그먼트가 히트라인으로 밀려온다.,SELECT: 히트라인에 닿는 세그먼트 색.,MOVE: 해당 색 패드로 반응한다(회피 동작이 엔진 규칙이 아님).,visual-rush,VERIFY,ASSET VERIFY REQUIRED,WARN,P2,제목 파도 피하기 vs 색 패드 반응.,vr-rush,base,LOW,RushReactionTraining.tsx,네이밍 정리
26,visual-reaction,visual-reaction-flow-2x-31,시지각 반응 · 떨어지는 벽돌,reactTrain,2,reactTrainConcurrent=2 variant=flow,SIGNAL: 색 벽돌이 동시에 최대 2개 낙하.,SELECT: 히트하는 벽돌 색(들).,MOVE: 해당 색 패드로 반응한다.,visual-flow,VERIFY,ASSET VERIFY REQUIRED,PASS,P2,concurrent 전달 확인.,vr-flow,concurrent=2,LOW,EngineRouter VisualReactionTraining flow,none
27,visual-reaction,visual-reaction-mole-l1,시지각 반응 · 두더지 잡기,reactTrain,6,moleLookMode=classic + session difficulty,SIGNAL: 구멍에서 색 두더지가 팝업(쉬움 1마리).,SELECT: 두더지 색.,MOVE: 해당 색 패드로 이동/반응.,visual-mole,VERIFY,ASSET VERIFY REQUIRED,WARN,P2,세션에서 classic/variant를 바꿀 수 있어 카드 칩과 실행이 달라질 수 있음.,vr-mole,look=classic,YES if difficulty overlay,RobloxMoleReactionTraining.tsx + spomoveDifficulty.ts,세션 난이도와 카탈로그 이중 채널 정리
28,visual-reaction,visual-reaction-mole-normal-skeleton,시지각 반응 · 두더지 잡기 · 보통,reactTrain,6,moleLookMode=variant,SIGNAL: 변형 룩 두더지 1~2마리.,SELECT: 두더지 색.,MOVE: 해당 색 패드로 반응.,visual-mole,VERIFY,ASSET VERIFY REQUIRED,PASS,P2,mole L1의 VARIANT.,vr-mole,look=variant,LOW,officialSpomovePresetExpansion.ts,none
29,visual-reaction,visual-reaction-goalkeeper-easy-skeleton,시지각 반응 · 축구 : 골키퍼 · 쉬움,reactTrain,10,goalkeeperTier=1,SIGNAL: 공이 코너로 비행(항상 1개 커브 가능).,SELECT: 도착 코너 색.,MOVE: 해당 코너 색 패드로 반응.,visual-goalkeeper,VERIFY,ASSET VERIFY REQUIRED,PASS,P2,tier1.,vr-gk,tier=1,LOW,GoalkeeperReactionTraining.tsx,none
30,visual-reaction,visual-reaction-goalkeeper-42,시지각 반응 · 골키퍼 모드,reactTrain,10,goalkeeperTier=2 duration>=120s,SIGNAL: 1~2개 공이 코너로 비행.,SELECT: 도착 코너 색.,MOVE: 해당 코너 색 패드로 반응.,visual-goalkeeper,VERIFY,ASSET VERIFY REQUIRED,WARN,P2,세션 difficulty로 tier 변경 가능. 제목 불균일(쉬움 ID와).,vr-gk,tier=2,YES difficulty overlay,EngineRouter.tsx goalkeeper,none
31,visual-reaction,visual-reaction-hand-foot-easy-skeleton,시지각 반응 · 손 따로 발 따로 · 쉬움,basic,7,handFootDifficulty=easy,SIGNAL: 사분할에 발 자극 1개(색+부위 아이콘).,SELECT: 색과 발 부위.,MOVE: 해당 패드에 지정 발을 놓는다.,visual-flow,VERIFY,local body-action icons,WARN,P1,Family가 visual-flow. 실제는 basic L7. HOLD mq1과 메커니즘 유사.,rc-handfoot,easy,YES vs HOLD mq1,signals.ts think_quad_body L7,Family 재분류 후보
32,visual-reaction,visual-reaction-hand-foot-normal-skeleton,시지각 반응 · 손 따로 발 따로 · 보통,basic,7,handFootDifficulty=normal,SIGNAL: 발+손 1~2세포.,SELECT: 각 세포의 색과 손/발.,MOVE: 해당 패드에 손·발을 분리 접촉.,visual-flow,VERIFY,local body-action icons,WARN,P1,Family visual-flow. HOLD mq2는 L8로 규칙이 다름(이관 예정 문구).,rc-handfoot,normal,YES vs HOLD mq2,signals.ts L7 probabilities,Family 재분류 후보
33,visual-reaction,visual-reaction-hand-foot-hard-skeleton,시지각 반응 · 손 따로 발 따로 · 어려움,basic,7,handFootDifficulty=hard,SIGNAL: 1~3개 손발 세포.,SELECT: 색+부위 조합.,MOVE: 동시에 해당 패드에 손·발 배치.,visual-flow,VERIFY,local body-action icons,WARN,P1,Family visual-flow. HOLD mq3는 L9.,rc-handfoot,hard,YES vs HOLD mq3,signals.ts L7 hard,Family 재분류 후보
34,simon,simon-pole-arrows-41,사이먼 이펙트 · 화살표 · 보통,simon,2,simonPoleCount=1,SIGNAL: 화면 극단에 큰 화살표 1개.,SELECT: 나타난 위치가 아니라 화살표 방향.,MOVE: 해당 방향 패드로 이동한다.,simon-pole,VERIFY (pilot seed matches),ASSET VERIFY REQUIRED,PASS,P2,createSimonSignalGenerator L2=화살표. 주석의 1번=화살표는 구버전.,simon-arrow,count=1,YES if ID later swapped,signals.ts createSimonSignalGenerator L2,주석 정리(코드 수정은 2단계)
35,simon,simon-arrow-hard-skeleton,사이먼 이펙트 · 화살표 · 어려움,simon,2,simonPoleCount=2,SIGNAL: 반대 극단 화살표 2개 동시.,SELECT: 각 화살표 방향(위치 무시).,MOVE: 해당 방향 패드들로 반응.,simon-pole,VERIFY,ASSET VERIFY REQUIRED,WARN,P1,세션 simonPole 난이도가 같은 ID를 1↔2로 바꿀 수 있음.,simon-arrow,count=2,YES session overlay,EngineRouter simonPoleCount,카탈로그 vs 세션 난이도 이중 채널
36,simon,simon-pole-shape-06,사이먼 이펙트 · 도형 · 보통,simon,1,simonPoleCount=1,SIGNAL: 극단에 색 도형(원/삼각/사각) 1개.,SELECT: 위치가 아니라 도형 색.,MOVE: 해당 색 패드로 이동한다.,simon-pole,VERIFY,ASSET VERIFY REQUIRED,PASS,P2,L1=도형색. 파일 설명과 코드 일치.,simon-shape,count=1,LOW,createSimonSignalGenerator L1,none
37,simon,simon-shape-hard-skeleton,사이먼 이펙트 · 도형 · 어려움,simon,1,simonPoleCount=2,SIGNAL: 극단 색 도형 2개.,SELECT: 각 도형 색.,MOVE: 해당 색 패드들로 반응.,simon-pole,VERIFY,ASSET VERIFY REQUIRED,WARN,P1,세션 overlay로 보통 ID와 교차 가능.,simon-shape,count=2,YES session overlay,expansion skeleton,이중 채널 정리
38,simon,simon-balloon-flash-05,사이먼 이펙트 · 풍선 · 보통,simon,5,EngineRouter→balloonSimon concurrent=1,SIGNAL: 화면 임의 위치에 색 풍선이 순간 등장(바늘 없음).,SELECT: 풍선 색(위치 아님).,MOVE: 해당 색 패드로 이동.,simon-balloon,VERIFY,ASSET VERIFY REQUIRED,PASS,P2,simon L5는 MemoryGame가 아니라 VisualReaction balloonSimon.,simon-balloon,concurrent=1,LOW,EngineRouter.tsx simon level 5,none
39,simon,simon-balloon-hard-skeleton,사이먼 이펙트 · 풍선 · 어려움,simon,5,simonPoleCount=2 → concurrent=2,SIGNAL: 풍선 자극 최대 2개.,SELECT: 각 풍선 색.,MOVE: 해당 색 패드 반응.,simon-balloon,VERIFY,ASSET VERIFY REQUIRED,WARN,P1,세션 simonPole이 balloon concurrent를 바꿈.,simon-balloon,concurrent=2,YES session overlay,EngineRouter concurrent,이중 채널
40,simon,simon-mixed-gallery-exp,사이먼 이펙트 · 랜덤 테마 · 보통,simon,3,simonPoleCount=1 all variant slides,SIGNAL: 극단에 테마 이미지(색 매핑) 1개.,SELECT: 위치가 아니라 이미지 색.,MOVE: 해당 색 패드로 이동.,simon-mixed,VERIFY,ASSET VERIFY REQUIRED,PASS,P2,L3 themed shapes.,simon-theme,count=1,LOW,createSimonSignalGenerator L3,none
41,simon,simon-random-hard-skeleton,사이먼 이펙트 · 랜덤 테마 · 어려움,simon,3,simonPoleCount=2,SIGNAL: 극단 테마 이미지 2개.,SELECT: 각 이미지 색.,MOVE: 해당 색 패드들.,simon-mixed,VERIFY,ASSET VERIFY REQUIRED,WARN,P1,세션 overlay 교차.,simon-theme,count=2,YES session overlay,expansion,이중 채널
42,simon,simon-camouflage-center-skeleton,사이먼 이펙트 · 카모플라쥬 · 보통,simon,4,camouflagePlacement=center IGNORED,SIGNAL: 노이즈 후 위장 도형이 드러남. MASTER는 극단(variant) 배치로 고정.,SELECT: 드러난 도형 색.,MOVE: 해당 색 패드로 반응.,simon-mixed,VERIFY,ASSET VERIFY REQUIRED,FAIL,P0,Player가 placementMode=variant 하드코딩. blackout-37과 메커니즘 충돌(cue만 다름).,simon-camo,advertised-center,YES,EngineRouter.tsx simon L4,NEW PRESET 중앙 + 기존 ID HOLD
43,simon,visual-reaction-blackout-37,사이먼 이펙트 · 카모플라쥬 · 어려움,simon,4,camouflagePlacement=variant cue=5s,SIGNAL: 노이즈 속 위장 도형이 극단에 드러남.,SELECT: 도형 색.,MOVE: 해당 색 패드로 반응.,visual-blackout,VERIFY,ASSET VERIFY REQUIRED,WARN,P1,실행은 설명과 맞음. ID가 visual-reaction. Family visual-blackout. 센터 ID와 TRUE DUPLICATE 후보. 기본 concurrent=1이라 카탈로그 어려움이 동시2개가 아님.,simon-camo,edge+longer-cue,YES ID leftover,EngineRouter + CamouflageReactionTraining.tsx,ID 정리 / 어려움=concurrent 여부 PO
44,flanker,flanker-uniform-07,화살표 · 보통 (좌우),flanker,5,flankerArrowMode=lr (canonical; source was L1),SIGNAL: 가로 5개 흰 화살표. 가운데가 목표.,SELECT: 주변 무시. 가운데 화살표 좌/우.,MOVE: 해당 방향 패드로 이동.,flanker-uniform,VERIFY (pilot matches arrows),ASSET VERIFY REQUIRED,WARN,P1,현재 제목=런타임. 원본 description은 Uniform 원. Family=flanker-uniform. 과거 세션은 동일원 게임이었을 수 있음.,flanker-arrow-lr,canonical remap,YES P0-historical,withCanonicalFlankerCatalog + signals.ts L5,NEW PRESET 권장; 설명 정합; Family=flanker-arrow
45,flanker,flanker-arrow-udlr-exp,화살표 · 어려움 (상하좌우),flanker,5,flankerArrowMode=udlr,SIGNAL: 5개 화살표 상하좌우 풀.,SELECT: 가운데 방향만.,MOVE: 해당 방향 패드.,flanker-arrow,VERIFY,ASSET VERIFY REQUIRED,PASS,P2,expansion 설명과 canonical L5 일치.,flanker-arrow-udlr,base,LOW,signals.ts L5 udlr,none
46,flanker,flanker-theme-color-skeleton,랜덤 자극 · 색상,flanker,2,theme=color (canonical; source L6),SIGNAL: 다섯 색 원. 가운데 목표.,SELECT: 가운데 원 색. 주변 원 무시.,MOVE: 해당 색 패드.,flanker-theme,VERIFY,ASSET VERIFY REQUIRED,WARN,P1,L6와 L2 시그널이 유사. 설명은 expansion 잔여 가능.,flanker-theme-row,theme=color,YES level 6→2,signals.ts flanker L2,Metadata only
47,flanker,flanker-theme-06,랜덤 자극 · 과일,flanker,2,theme=fruit,SIGNAL: 다섯 원 안 과일 이미지.,SELECT: 가운데 이미지 색.,MOVE: 해당 색 패드.,flanker-theme,VERIFY,ASSET VERIFY REQUIRED,WARN,P1,원본 L6 테마플랭커. 현재 L2.,flanker-theme-row,theme=fruit,YES,withCanonicalFlankerCatalog,Metadata only
48,flanker,flanker-theme-animal-skeleton,랜덤 자극 · 동물,flanker,2,theme=animal,SIGNAL: 다섯 원 동물 이미지.,SELECT: 가운데 색.,MOVE: 해당 색 패드.,flanker-theme,VERIFY,ASSET VERIFY REQUIRED,PASS,P2,theme variant.,flanker-theme-row,theme=animal,LOW,expansion,none
49,flanker,flanker-theme-food-skeleton,랜덤 자극 · 음식,flanker,2,theme=food,SIGNAL: 다섯 원 음식 이미지.,SELECT: 가운데 색.,MOVE: 해당 색 패드.,flanker-theme,VERIFY,ASSET VERIFY REQUIRED,PASS,P2,theme variant.,flanker-theme-row,theme=food,LOW,expansion,none
50,flanker,flanker-theme-nature-skeleton,랜덤 자극 · 자연,flanker,2,theme=nature,SIGNAL: 다섯 원 자연 이미지.,SELECT: 가운데 색.,MOVE: 해당 색 패드.,flanker-theme,VERIFY,ASSET VERIFY REQUIRED,PASS,P2,theme variant.,flanker-theme-row,theme=nature,LOW,expansion,none
51,flanker,flanker-theme-vehicle-skeleton,랜덤 자극 · 탈 것,flanker,2,theme=vehicle,SIGNAL: 다섯 원 탈것 이미지.,SELECT: 가운데 색.,MOVE: 해당 색 패드.,flanker-theme,VERIFY,ASSET VERIFY REQUIRED,PASS,P2,theme variant.,flanker-theme-row,theme=vehicle,LOW,expansion,none
52,flanker,flanker-theme-mix-skeleton,랜덤 자극 · 믹스,flanker,2,theme=mix,SIGNAL: 다섯 원 믹스 이미지.,SELECT: 가운데 색.,MOVE: 해당 색 패드.,flanker-theme,VERIFY,ASSET VERIFY REQUIRED,PASS,P2,theme variant.,flanker-theme-row,theme=mix,LOW,expansion,none
53,flanker,flanker-nested-circles-04,극단 · 색상,flanker,3,"extremeMode=theme theme=color (was nested L4)",SIGNAL: 크기 극단인 다섯 색 원. 가운데가 목표.,SELECT: 가운데 원 색(동심원 안쪽이 아님).,MOVE: 해당 색 패드.,flanker-nested,VERIFY,ASSET VERIFY REQUIRED,WARN,P1,ID는 원속의원. 런타임 L3 극단 색. Family=flanker-nested. 동심원 메커니즘 공개 목록에서 사라짐.,flanker-extreme-theme,theme=color,YES P0-historical,signals.ts L3 vs L4 nested,NEW PRESET nested; 이 ID HOLD 또는 설명 전면 교체
54,flanker,flanker-random-43,극단 · 과일,flanker,3,extremeMode=theme theme=fruit (was L2 random),SIGNAL: 극단 크기 다섯 원+과일 이미지.,SELECT: 가운데 색.,MOVE: 해당 색 패드.,flanker-random,VERIFY,ASSET VERIFY REQUIRED,WARN,P1,ID 재사용. Family=flanker-random.,flanker-extreme-theme,theme=fruit,YES P0-historical,withCanonicalFlankerCatalog,NEW PRESET / HOLD 옛 의미
55,flanker,flanker-5circle-46,극단 · 동물,flanker,3,extremeMode=theme theme=animal,SIGNAL: 극단 크기 다섯 원+동물.,SELECT: 가운데 색.,MOVE: 해당 색 패드.,flanker-5circle,VERIFY,ASSET VERIFY REQUIRED,WARN,P1,원본도 L3 극단이었으나 테마가 동물로 고정. Family=flanker-5circle.,flanker-extreme-theme,theme=animal,YES theme remap,canonical catalog,Metadata / Family
56,flanker,flanker-arrow-05,극단 · 음식,flanker,3,extremeMode=theme theme=food (was arrow L5),SIGNAL: 극단 크기 다섯 원+음식 이미지.,SELECT: 가운데 색(화살표 아님).,MOVE: 해당 색 패드.,flanker-arrow,VERIFY,ASSET VERIFY REQUIRED,WARN,P1,ID·Family는 화살표. 런타임은 음식 극단 원.,flanker-extreme-theme,theme=food,YES P0-historical,canonical + signals L3,NEW PRESET 화살표 유지 시 별 ID
57,flanker,flanker-uniform-number-exp,극단 · 자연,flanker,3,extremeMode=theme theme=nature (was number L1),SIGNAL: 극단 크기 다섯 원+자연 이미지.,SELECT: 가운데 색(숫자 아님).,MOVE: 해당 색 패드.,flanker-uniform,VERIFY,ASSET VERIFY REQUIRED,WARN,P1,숫자 플랭커 공개 소멸. expansion 설명은 숫자.,flanker-extreme-theme,theme=nature,YES P0-historical,canonical forces stimulusType color,NEW PRESET number; 이 ID HOLD
58,flanker,flanker-random-number-exp,극단 · 탈 것,flanker,3,extremeMode=theme theme=vehicle (was number L2),SIGNAL: 극단 크기 탈것 이미지 원.,SELECT: 가운데 색.,MOVE: 해당 색 패드.,flanker-random,VERIFY,ASSET VERIFY REQUIRED,WARN,P1,숫자→탈것.,flanker-extreme-theme,theme=vehicle,YES P0-historical,canonical,NEW PRESET / HOLD
59,flanker,flanker-5circle-number-exp,극단 · 믹스,flanker,3,extremeMode=theme theme=mix (was number L3),SIGNAL: 극단 크기 믹스 이미지 원.,SELECT: 가운데 색.,MOVE: 해당 색 패드.,flanker-5circle,VERIFY,ASSET VERIFY REQUIRED,WARN,P1,숫자→믹스.,flanker-extreme-theme,theme=mix,YES P0-historical,canonical,NEW PRESET / HOLD
60,flanker,flanker-extreme-arrow-hard-skeleton,극단 · 화살표 · 어려움,flanker,3,extremeMode=arrow arrowMode=udlr (was L5),SIGNAL: 크기 극단인 다섯 화살표. 가운데 목표.,SELECT: 가운데 화살표 방향.,MOVE: 해당 방향 패드.,flanker-arrow,VERIFY,ASSET VERIFY REQUIRED,WARN,P1,L5 일반 화살표에서 L3 극단 화살표로 변경. 현재 제목과 런타임은 맞음.,flanker-extreme-arrow,udlr,YES level remap,signals.ts L3 extremeMode arrow,Metadata; 세션 이력 고지
61,stroop,stroop-arrow-reverse-08,색상화살표 · 보통 (기본),basic,1,color compass (NOT stroop),SIGNAL: 중앙 방향별 고정색 화살표(반응인지 색상화살표와 동일).,SELECT: 화살표 방향.,MOVE: 해당 방향 색 패드로 이동. 말하기/간섭 없음.,stroop-arrow,VERIFY,ASSET VERIFY REQUIRED,FAIL,P0,programGroup=stroop이나 engine=basic L1. 01b와 TRUE DUPLICATE. 실제 stroop L1 화살표 말하기와 다름.,rc-space-direction,misfiled,YES ID used to imply stroop,officialSpomovePresets.ts + signals.ts basic L1,기존 ID HOLD; 스트룹 화살표는 NEW PRESET
62,stroop,stroop-arrow-bg-47,단어 · 보통 (의미/잉크 전환),stroop,2,none (ID leftover arrow-bg),SIGNAL: 검정 배경에 색 단어. 잉크 색이 의미와 충돌 가능.,SELECT: 매 시행 의미 또는 잉크. 50% 역전.,MOVE: 정답을 말로 한다. 패드 이동 강제 없음.,stroop-word,VERIFY (pilot matches word L2),ASSET VERIFY REQUIRED,WARN,P1,런타임=단어 스트룹. ID는 arrow-bg. SPOMOVE 움직임 정의와 긴장. L3와 중복.,stroop-word-switch,voice,YES ID meaning changed,signals.ts stroop L2/L3,ID HOLD 검토; 움직임 레이어 PO
63,stroop,stroop-word-reverse-48,단어 · 보통+ (의미/잉크·역전),stroop,3,no extra option vs L2,SIGNAL: L2와 동일(검정 배경 색 단어).,SELECT: L2와 동일(의미/잉크 ± 역전).,MOVE: 말로 답한다.,stroop-word,VERIFY,ASSET VERIFY REQUIRED,FAIL,P0,stroopWordDifficulty 미전달. L2와 TRUE DUPLICATE.,stroop-word-switch,false-variant,YES,signals.ts level===2||3,HOLD 또는 실제 난이도 옵션 연결(2단계)
64,stroop,stroop-word-bg-49,단어 · 어려움 (배경간섭 추가),stroop,4,stroopWordMode=bg,SIGNAL: 색 단어+잉크+배경색이 서로 다름.,SELECT: 기본 분기는 잉크 색 이름(voice=tc.name).,MOVE: 말로 답한다.,stroop-word,VERIFY,ASSET VERIFY REQUIRED,WARN,P1,음성 스트룹. missing 모드는 HOLD 50번.,stroop-word-bg,voice,LOW,signals.ts stroop L4,움직임 정의 PO
65,sequential-memory,sequential-memory-3color-09,순서 기억 · 쉬움 (3개),spatial,1,MemoryGame L1,SIGNAL: 색 3개가 차례로 점등(1–2.5초 랜덤).,SELECT: 제시 순서.,MOVE: 같은 순서로 색 패드를 재현한다.,sequential-memory,VERIFY (pilot seed),ASSET VERIFY REQUIRED,WARN,P2,preset.cueSeconds=3은 L1/L2에서 무시됨. settingSummary의 랜덤은 맞음.,seq-serial,len=3,LOW,MemoryGame.tsx colorShowMs,cue 필드 정리
66,sequential-memory,sequential-memory-5color-51,순서 기억 · 보통 (5개),spatial,2,MemoryGame L2,SIGNAL: 색 5개 순차 제시(1–2.5초 랜덤).,SELECT: 제시 순서.,MOVE: 패드로 순서 재현.,sequential-memory,VERIFY,ASSET VERIFY REQUIRED,WARN,P2,cueSeconds 미사용(L1/L2).,seq-serial,len=5,LOW,MemoryGame.tsx,cue 필드 정리
67,sequential-memory,sequential-memory-10color-52,순서 기억 · 쉬움→보통→어려움 (3~7개),spatial,3,ramp 5 rounds,SIGNAL: 라운드마다 3→7색으로 늘어나는 순차 점등.,SELECT: 해당 라운드 순서.,MOVE: 패드로 재현.,sequential-memory,VERIFY,ASSET VERIFY REQUIRED,PASS,P2,speedSec 사용.,seq-ramp,3to7,LOW,COLOR_SEQUENCE_RAMP_LENGTHS,none
68,sequential-memory,sequential-memory-custom-10color-exp,순간 기억 · 4x4 그리드 (원샷),spatial,7,"grid=4 mode=oneshot ColorMemoryGrid",SIGNAL: 4x4 색 그리드를 외운 뒤 한 칸 색이 바뀐 화면.,SELECT: 바뀐(새) 색.,MOVE: 해당 색 패드로 반응.,sequential-memory,VERIFY,ASSET VERIFY REQUIRED,PASS,P2,EngineRouter spatial L7 전달 확인.,seq-grid-oneshot,4x4,LOW,ColorMemoryGridReactionTraining.tsx,none
69,sequential-memory,sequential-memory-color-number-exp,랜덤 기억 · 어려움 (퀴즈),spatial,4,MemoryGameLevel4,SIGNAL: 색 배경+큰 숫자 10개 순차 부호화 후 5문항 Q&A.,SELECT: 번호↔색 연합.,MOVE: 엔진은 Space/Enter로 문항·정답 공개. 패드 재현 루프 없음.,sequential-memory,VERIFY,ASSET VERIFY REQUIRED,FAIL,P0,순차 기억 그룹이나 교사 진행 퀴즈. SPOMOVE 움직임 계약과 충돌.,seq-quiz,teacher-paced,YES,MemoryGameLevel4.tsx,별도 퀴즈 타입 또는 HOLD
70,sequential-memory,sequential-memory-full-reveal-54,전체 공개 · 어려움,spatial,5,MemoryGameLevel5,SIGNAL: 색+번호 시퀀스 제시 후 대기. Space로 전체 공개.,SELECT: 전체 패턴 기억(화면 공개).,MOVE: VERIFY — 패드 채점 루프가 없고 Space로 reveal/done.,sequential-memory,VERIFY,ASSET VERIFY REQUIRED,VERIFY,P1,실수업에서 패드로 재현하는지는 플레이 확인 필요.,seq-full-reveal,teacher-paced,LOW,MemoryGameLevel5.tsx,실기 VERIFY
71,dive,dive-standard,DIVE · 기본,flow,1,"features punch kick duck reach sequential 20s/stage includeBonus=false",SIGNAL: 스테이지마다 점프·펀치·킥·숙이기·벽 안내(코드는 jump 모듈 기본 포함).,SELECT: 화면이 지시하는 동작.,MOVE: 매트 공간에서 해당 전신 동작 수행(센서 채점 없음).,dive,VERIFY (pilot seed),dive GLB models,PASS,P2,FlowEngine. colorGate 없음.,dive-obstacles,sequential,LOW,EngineRouter flow + FlowEngine.ts,none
72,dive,dive-color-gate-61,DIVE · 모션 게이트,flow,2,flowFeatures colorGate; EngineRouter adds colorGate if L2,SIGNAL: 빨노초파 색 관문 + 포즈 실루엣(기본 solo-easy: jump kick side-squat lunge-reach star).,SELECT: 관문 색과 요구 포즈.,MOVE: 해당 색 판단과 포즈 수행.,dive,VERIFY,public/spomove/dive/color-gate/*.png,WARN,P1,colorGateVariant는 프리셋에 없고 MemoryGameApp 기본 solo-easy. Session URL에 variant 없음. together 포즈는 세션에서 안 넘어가면 미사용.,dive-color-gate,solo-easy default,LOW,colorGateGuides.ts + EngineRouter flow L2,operation/query에 variant 필요하면 2단계
