sortOrder,presetId,title,programGroup,axis,engineMode,engineLevel,engineOptionsJson,activityFamilyId,movementProfileId,theme,rounds,cueSeconds,isReady,description,recommendedUse,runtimeSignature,mechanicSignature,themeSignature,stageSignature
1,reaction-cognition-space-direction-01,화살표,reaction-cognition,response,basic,1,{},reaction-space-direction,simpleColorResponse,none,20,3,true,"전체형 화면 중앙에 표시되는 큰 화살표를 보고, 화살표가 가리키는 방향 색 패드로 즉시 점프하거나 이동하는 공간방향 자극 활동","수업 도입, 방향 인지, 순발력, 반응-실행 연결","v1|{""cueSeconds"":3,""level"":1,""mode"":""basic"",""options"":{},""rounds"":20,""theme"":""none""}","v1|{""level"":1,""mode"":""basic"",""options"":{}}",v1|theme=none,"v1|{""cueSeconds"":3,""level"":1,""rounds"":20}"
2,reaction-cognition-space-direction-color-01b,색상 화살표,reaction-cognition,response,basic,1,"{""spatialArrowColorMode"":""color"",""spatialArrowColorMapping"":""compass""}",reaction-space-direction,simpleColorResponse,none,20,3,true,"전체형 화면 중앙에 표시되는 큰 색상 화살표를 보고, 화살표가 가리키는 방향 색 패드로 즉시 점프하거나 이동하는 공간방향 자극 활동. 위 빨·좌 초·우 노·아래 파로 방향별 색이 고정됩니다.","수업 도입, 방향 인지, 색상 화살표, 반응-실행 연결","v1|{""cueSeconds"":3,""level"":1,""mode"":""basic"",""options"":{""spatialArrowColorMapping"":""compass"",""spatialArrowColorMode"":""color""},""rounds"":20,""theme"":""none""}","v1|{""level"":1,""mode"":""basic"",""options"":{""spatialArrowColorMapping"":""compass"",""spatialArrowColorMode"":""color""}}",v1|theme=none,"v1|{""cueSeconds"":3,""level"":1,""rounds"":20}"
3,reaction-cognition-quad-color-02,색상,reaction-cognition,response,basic,2,"{""variantColorTheme"":""color""}",reaction-quadrant,simpleColorResponse,color,20,3,true,2×2 그리드형 화면에서 한 칸에 표시되는 색상 신호를 보고 해당 색 패드 위치로 즉시 이동하는 4분할 자극 활동,"색상 지각, 위치 선택, 반응-실행 연결","v1|{""cueSeconds"":3,""level"":2,""mode"":""basic"",""options"":{""variantColorTheme"":""color""},""rounds"":20,""theme"":""color""}","v1|{""level"":2,""mode"":""basic"",""options"":{}}",v1|theme=color,"v1|{""cueSeconds"":3,""level"":2,""rounds"":20}"
4,reaction-cognition-quad-fruit-10,과일,reaction-cognition,response,basic,2,"{""variantColorTheme"":""fruit""}",reaction-quadrant,simpleColorResponse,fruit,20,3,true,2×2 그리드형 화면에서 한 칸에 표시되는 과일 이미지 신호를 보고 해당 색 패드 위치로 즉시 이동하는 4분할 자극 활동,"색상 지각, 위치 선택, 어린 학습자","v1|{""cueSeconds"":3,""level"":2,""mode"":""basic"",""options"":{""variantColorTheme"":""fruit""},""rounds"":20,""theme"":""fruit""}","v1|{""level"":2,""mode"":""basic"",""options"":{}}",v1|theme=fruit,"v1|{""cueSeconds"":3,""level"":2,""rounds"":20}"
5,reaction-cognition-full-color-03,전면단일 · 색상,reaction-cognition,response,basic,3,"{""variantColorTheme"":""color""}",reaction-full,themedFullResponse,color,20,3,true,전체형 화면 하나를 채우는 색상 신호를 보고 해당 색 패드 위치로 즉시 이동하는 전면단일 자극 활동,"전신 반응, 색상 판단, 집중 전환","v1|{""cueSeconds"":3,""level"":3,""mode"":""basic"",""options"":{""variantColorTheme"":""color""},""rounds"":20,""theme"":""color""}","v1|{""level"":3,""mode"":""basic"",""options"":{}}",v1|theme=color,"v1|{""cueSeconds"":3,""level"":3,""rounds"":20}"
6,reaction-cognition-full-animal-18,전면단일 · 동물,reaction-cognition,response,basic,3,"{""variantColorTheme"":""animal""}",reaction-full,themedFullResponse,animal,20,4,true,전체형 화면 하나에 크게 표시되는 동물 이미지 신호를 보고 해당 색 패드 위치로 즉시 이동하는 전면단일 자극 활동,"전신 반응, 이미지 판단, 어린 학습자 친화","v1|{""cueSeconds"":4,""level"":3,""mode"":""basic"",""options"":{""variantColorTheme"":""animal""},""rounds"":20,""theme"":""animal""}","v1|{""level"":3,""mode"":""basic"",""options"":{}}",v1|theme=animal,"v1|{""cueSeconds"":4,""level"":3,""rounds"":20}"
7,reaction-cognition-full-nature-19,전면단일 · 자연,reaction-cognition,response,basic,3,"{""variantColorTheme"":""nature""}",reaction-full,themedFullResponse,nature,20,5,true,전체형 화면 하나에 크게 표시되는 자연 이미지 신호를 보고 해당 색 패드 위치로 즉시 이동하는 전면단일 자극 활동,"전신 반응, 이미지 판단, 자연 친화 수업","v1|{""cueSeconds"":5,""level"":3,""mode"":""basic"",""options"":{""variantColorTheme"":""nature""},""rounds"":20,""theme"":""nature""}","v1|{""level"":3,""mode"":""basic"",""options"":{}}",v1|theme=nature,"v1|{""cueSeconds"":5,""level"":3,""rounds"":20}"
8,reaction-cognition-split-color-04,2분할 · 색상,reaction-cognition,response,basic,4,"{""variantColorTheme"":""color""}",reaction-split,simpleColorResponse,color,20,3,true,2분할 패널형 화면의 좌우 두 패널에 표시되는 색상 신호를 보고 해당 색 패드 위치로 즉시 이동하는 활동,"선택 반응, 양측 이동, 색상 판단, 반응-실행 연결","v1|{""cueSeconds"":3,""level"":4,""mode"":""basic"",""options"":{""variantColorTheme"":""color""},""rounds"":20,""theme"":""color""}","v1|{""level"":4,""mode"":""basic"",""options"":{}}",v1|theme=color,"v1|{""cueSeconds"":3,""level"":4,""rounds"":20}"
9,reaction-cognition-triple-color-25,3분할 · 색상,reaction-cognition,response,basic,5,"{""variantColorTheme"":""color""}",reaction-triple,simpleColorResponse,color,20,3,true,3분할 패널형 화면의 세 패널에 표시되는 서로 다른 색상 신호 중 목표 색을 골라 해당 색 패드 위치로 즉시 이동하는 활동,"선택 반응, 시선 분산, 색상 판단, 반응-실행 연결","v1|{""cueSeconds"":3,""level"":5,""mode"":""basic"",""options"":{""variantColorTheme"":""color""},""rounds"":20,""theme"":""color""}","v1|{""level"":5,""mode"":""basic"",""options"":{}}",v1|theme=color,"v1|{""cueSeconds"":3,""level"":5,""rounds"":20}"
10,reaction-cognition-triple-diff-color-31,랜덤분할 · 색상,reaction-cognition,response,basic,6,"{""variantColorTheme"":""color""}",reaction-triple-diff,simpleColorResponse,color,20,3,true,전면 1개·2분할·3분할이 20%·30%·50% 확률로 바뀌며 제시되는 색상 신호를 보고 해당 색 패드 위치로 즉시 이동하는 활동,"심화 선택 반응, 시선 분산, 색상 판단, 반응-실행 연결","v1|{""cueSeconds"":3,""level"":6,""mode"":""basic"",""options"":{""variantColorTheme"":""color""},""rounds"":20,""theme"":""color""}","v1|{""level"":6,""mode"":""basic"",""options"":{}}",v1|theme=color,"v1|{""cueSeconds"":3,""level"":6,""rounds"":20}"
11,reaction-cognition-mq1-32,"(보류) 손 따로, 발 따로 · 쉬움",reaction-cognition,response,basic,7,"{""variantColorTheme"":""color"",""bodyLabelMode"":""easy"",""hideBodyLabelModeControls"":true}",reaction-variant-foot,variantFootFixed,color,20,5,true,색상 자극과 신체 부위(발)가 함께 제시될 때 해당 패드에 발을 접촉하는 활동,"심화 반응, 집중력, 변형 사분할","v1|{""cueSeconds"":5,""level"":7,""mode"":""basic"",""options"":{""bodyLabelMode"":""easy"",""hideBodyLabelModeControls"":true,""variantColorTheme"":""color""},""rounds"":20,""theme"":""color""}","v1|{""level"":7,""mode"":""basic"",""options"":{""bodyLabelMode"":""easy"",""hideBodyLabelModeControls"":true}}",v1|theme=color,"v1|{""bodyLabelMode"":""easy"",""cueSeconds"":5,""level"":7,""rounds"":20}"
12,reaction-cognition-mq2-33,"(보류) 손 따로, 발 따로 · 보통",reaction-cognition,response,basic,8,"{""variantColorTheme"":""color"",""bodyLabelMode"":""easy"",""hideBodyLabelModeControls"":true}",reaction-variant-body-cue,bodyCueBuiltIn,color,20,5,true,색상 1~3개와 신체 부위(발·손)가 함께 제시될 때 해당 패드로 이동하는 활동,"심화 반응, 집중력, 변형 사분할","v1|{""cueSeconds"":5,""level"":8,""mode"":""basic"",""options"":{""bodyLabelMode"":""easy"",""hideBodyLabelModeControls"":true,""variantColorTheme"":""color""},""rounds"":20,""theme"":""color""}","v1|{""level"":8,""mode"":""basic"",""options"":{""bodyLabelMode"":""easy"",""hideBodyLabelModeControls"":true}}",v1|theme=color,"v1|{""bodyLabelMode"":""easy"",""cueSeconds"":5,""level"":8,""rounds"":20}"
13,reaction-cognition-mq3-34,"(보류) 손 따로, 발 따로 · 어려움",reaction-cognition,response,basic,9,"{""variantColorTheme"":""color"",""bodyLabelMode"":""easy"",""hideBodyLabelModeControls"":true}",reaction-variant-body-cue,bodyCueBuiltIn,color,20,5,true,3색에 손·발이 혼합 배정될 때 규칙에 맞게 패드로 이동하는 활동,"심화 반응, 집중력, 변형 사분할","v1|{""cueSeconds"":5,""level"":9,""mode"":""basic"",""options"":{""bodyLabelMode"":""easy"",""hideBodyLabelModeControls"":true,""variantColorTheme"":""color""},""rounds"":20,""theme"":""color""}","v1|{""level"":9,""mode"":""basic"",""options"":{""bodyLabelMode"":""easy"",""hideBodyLabelModeControls"":true}}",v1|theme=color,"v1|{""bodyLabelMode"":""easy"",""cueSeconds"":5,""level"":9,""rounds"":20}"
14,visual-reaction-flash-33,시지각 반응 · 풍선 터뜨리기,visual-reaction,response,reactTrain,3,{},visual-flash,visualSearch,none,20,3,true,화면 어디서든 떨어지는 색 풍선이 하단 가시에 닿을 때 해당 색으로 반응하는 시지각 반응 활동,"낙하 추적, 가시 접촉 타이밍, 시각 각성","v1|{""cueSeconds"":3,""level"":3,""mode"":""reactTrain"",""options"":{},""rounds"":20,""theme"":""none""}","v1|{""level"":3,""mode"":""reactTrain"",""options"":{}}",v1|theme=none,"v1|{""cueSeconds"":3,""level"":3,""rounds"":20}"
15,visual-reaction-rush-39,시지각 반응 · 파도 피하기,visual-reaction,response,reactTrain,1,{},visual-rush,visualSearch,none,20,3,true,파도처럼 빠르게 쏟아지는 자극에 연속으로 반응하는 초고속 시지각 반응 활동,"초고속 반응, 연속 자극 처리, 극한 집중","v1|{""cueSeconds"":3,""level"":1,""mode"":""reactTrain"",""options"":{},""rounds"":20,""theme"":""none""}","v1|{""level"":1,""mode"":""reactTrain"",""options"":{}}",v1|theme=none,"v1|{""cueSeconds"":3,""level"":1,""rounds"":20}"
16,visual-reaction-flow-2x-31,시지각 반응 · 떨어지는 벽돌,visual-reaction,response,reactTrain,2,"{""reactTrainConcurrent"":2}",visual-flow,visualSearch,none,20,3,true,떨어지는 벽돌처럼 색 자극이 동시에 2개씩 흘러내릴 때 빠르게 반응하는 시지각 반응 활동,"시지각 분할, 동시 자극 처리, 반응력 강화","v1|{""cueSeconds"":3,""level"":2,""mode"":""reactTrain"",""options"":{""reactTrainConcurrent"":2},""rounds"":20,""theme"":""none""}","v1|{""level"":2,""mode"":""reactTrain"",""options"":{""reactTrainConcurrent"":2}}",v1|theme=none,"v1|{""cueSeconds"":3,""level"":2,""reactTrainConcurrent"":2,""rounds"":20}"
17,visual-reaction-mole-l1,시지각 반응 · 두더지 잡기,visual-reaction,response,reactTrain,6,"{""moleLookMode"":""classic""}",visual-mole,visualSearch,none,20,3,true,화면 곳곳 구멍에서 색 두더지가 튀어나오면 같은 색 패드로 빠르게 반응하는 시지각 반응 활동,"순발력, 팝업 반응, 게임형 활동","v1|{""cueSeconds"":3,""level"":6,""mode"":""reactTrain"",""options"":{""moleLookMode"":""classic""},""rounds"":20,""theme"":""none""}","v1|{""level"":6,""mode"":""reactTrain"",""options"":{""moleLookMode"":""classic""}}",v1|theme=none,"v1|{""cueSeconds"":3,""level"":6,""rounds"":20}"
18,visual-reaction-number-cart-l2,시지각 반응 · 숫자 연산 기차,visual-reaction,response,reactTrain,8,"{""numberCartTier"":1}",visual-number-cart,gameSpecific,none,5,3,true,숫자 연산 기차의 목표 숫자(또는 +-×÷ 식)를 보고 같은 답이 붙은 색 문으로 기차가 들어가는 시지각 반응 활동. 난이도 1/2/3은 세션에서 고릅니다.,"숫자·색 매칭, 사전 판단, 선택 반응","v1|{""cueSeconds"":3,""level"":8,""mode"":""reactTrain"",""options"":{""numberCartTier"":1},""rounds"":5,""theme"":""none""}","v1|{""level"":8,""mode"":""reactTrain"",""options"":{""numberCartTier"":1}}",v1|theme=none,"v1|{""cueSeconds"":3,""level"":8,""numberCartTier"":1,""rounds"":5}"
19,visual-reaction-color-tracker-l2,시지각 반응 · 흰 공 찾기,visual-reaction,response,reactTrain,9,"{""colorTrackerTier"":1,""colorTrackerDualPanel"":false}",visual-color-tracker,gameSpecific,none,5,3,true,흰 공을 끝까지 추적한 뒤 빨·노·초·파 구역 중 어디에 멈췄는지 맞추는 시지각 반응 활동. 난이도 보통/어려움과 속도 느림/빠름은 세션에서 고릅니다.,"시각 추적, 지속 주의, 다중 물체 추적","v1|{""cueSeconds"":3,""level"":9,""mode"":""reactTrain"",""options"":{""colorTrackerDualPanel"":false,""colorTrackerTier"":1},""rounds"":5,""theme"":""none""}","v1|{""level"":9,""mode"":""reactTrain"",""options"":{""colorTrackerDualPanel"":false,""colorTrackerTier"":1}}",v1|theme=none,"v1|{""colorTrackerTier"":1,""cueSeconds"":3,""level"":9,""rounds"":5}"
20,visual-reaction-goalkeeper-42,시지각 반응 · 골키퍼 모드,visual-reaction,response,reactTrain,10,"{""goalkeeperTier"":2}",visual-goalkeeper,visualSearch,none,20,3,true,"4코너로 날아오는 슛·커브볼·더블 블록을 끝까지 추적해 상단은 손, 하단은 발로 막는 시지각 반응 활동","전신 반응, 궤적 추적, 양손·양발 방어","v1|{""cueSeconds"":3,""level"":10,""mode"":""reactTrain"",""options"":{""goalkeeperTier"":2},""rounds"":20,""theme"":""none""}","v1|{""level"":10,""mode"":""reactTrain"",""options"":{""goalkeeperTier"":2}}",v1|theme=none,"v1|{""cueSeconds"":3,""goalkeeperTier"":2,""level"":10,""rounds"":20}"
21,simon-pole-shape-06,사이먼 효과 1번 · Pole Shape,simon,attention,simon,1,"{""simonPoleCount"":1}",simon-pole,choiceReaction,none,20,3,true,"도형이 나타난 위치에 끌려가지 않고, 도형의 색을 기준으로 반응하는 선택 반응 활동","위치 간섭 조절, 선택주의, 집중 반응","v1|{""cueSeconds"":3,""level"":1,""mode"":""simon"",""options"":{""simonPoleCount"":1},""rounds"":20,""theme"":""none""}","v1|{""level"":1,""mode"":""simon"",""options"":{""simonPoleCount"":1}}",v1|theme=none,"v1|{""cueSeconds"":3,""level"":1,""rounds"":20,""simonPoleCount"":1}"
22,simon-pole-arrows-41,사이먼 효과 · Pole Arrows,simon,attention,simon,2,"{""simonPoleCount"":1}",simon-pole,choiceReaction,none,20,3,true,화살표 방향과 위치가 충돌할 때 위치가 아닌 화살표 색상에 반응하는 고급 선택 반응 활동,"위치-방향 간섭, 선택주의 심화, 집중 반응","v1|{""cueSeconds"":3,""level"":2,""mode"":""simon"",""options"":{""simonPoleCount"":1},""rounds"":20,""theme"":""none""}","v1|{""level"":2,""mode"":""simon"",""options"":{""simonPoleCount"":1}}",v1|theme=none,"v1|{""cueSeconds"":3,""level"":2,""rounds"":20,""simonPoleCount"":1}"
23,visual-reaction-blackout-37,사이먼 효과 4번 · 매직 아이,simon,attention,simon,4,"{""camouflagePlacement"":""variant""}",visual-blackout,visualSearch,none,20,5,true,노이즈 속에 위장된 색 사물이 화면 극단에 드러날 때 해당 색을 찾는 선택 반응 활동,"고난도 집중, 색 변별, 극단 위치 탐지","v1|{""cueSeconds"":5,""level"":4,""mode"":""simon"",""options"":{""camouflagePlacement"":""variant""},""rounds"":20,""theme"":""none""}","v1|{""level"":4,""mode"":""simon"",""options"":{}}",v1|theme=none,"v1|{""cueSeconds"":5,""level"":4,""rounds"":20}"
24,simon-balloon-flash-05,사이먼 효과 5번 · 풍선 사이먼,simon,attention,simon,5,{},simon-balloon,choiceReaction,none,20,3,true,화면 어디에나 나타나는 색 풍선이 터질 때 해당 색 위치로 이동하는 선택 반응 활동,"위치 간섭 조절, 순간 색 변별, 선택주의","v1|{""cueSeconds"":3,""level"":5,""mode"":""simon"",""options"":{},""rounds"":20,""theme"":""none""}","v1|{""level"":5,""mode"":""simon"",""options"":{}}",v1|theme=none,"v1|{""cueSeconds"":3,""level"":5,""rounds"":20}"
25,flanker-uniform-07,플랭커 1번 · Uniform Flankers,flanker,attention,flanker,1,{},flanker-uniform,choiceReaction,none,20,3,true,가로로 나란히 제시되는 다섯 원 중 가운데 목표 색에 반응하는 선택 반응 활동,"선택주의, 목표 집중, 방해 정보 조절","v1|{""cueSeconds"":3,""level"":1,""mode"":""flanker"",""options"":{},""rounds"":20,""theme"":""none""}","v1|{""level"":1,""mode"":""flanker"",""options"":{}}",v1|theme=none,"v1|{""cueSeconds"":3,""level"":1,""rounds"":20}"
26,flanker-random-43,플랭커 2번 · Random Flankers,flanker,attention,flanker,2,{},flanker-random,choiceReaction,none,20,3,true,무작위로 배치된 방해 자극 사이에서 목표 신호를 선택하는 반응 활동,"무작위 자극 처리, 선택주의 강화, 반응력","v1|{""cueSeconds"":3,""level"":2,""mode"":""flanker"",""options"":{},""rounds"":20,""theme"":""none""}","v1|{""level"":2,""mode"":""flanker"",""options"":{}}",v1|theme=none,"v1|{""cueSeconds"":3,""level"":2,""rounds"":20}"
27,flanker-5circle-46,플랭커 3번 · 5원 극단 크기,flanker,attention,flanker,3,{},flanker-5circle,choiceReaction,none,20,3,true,매우 큰 원과 매우 작은 원이 섞인 다섯 원에서 가운데 목표 색에 반응하는 플랭커 활동,"크기 극단 비교, 방해 자극 억제, 선택주의 훈련","v1|{""cueSeconds"":3,""level"":3,""mode"":""flanker"",""options"":{},""rounds"":20,""theme"":""none""}","v1|{""level"":3,""mode"":""flanker"",""options"":{}}",v1|theme=none,"v1|{""cueSeconds"":3,""level"":3,""rounds"":20}"
28,flanker-nested-circles-04,플랭커 4번 · 원 속의 원,flanker,attention,flanker,4,"{""flankerNestedCircleCount"":5}",flanker-nested,choiceReaction,none,20,3,true,동심으로 겹친 원들 중 가장 안쪽 목표 원을 보고 해당 색 위치로 반응하는 선택주의 플랭커 활동,"중첩 자극 처리, 목표 원 집중, 방해 정보 억제","v1|{""cueSeconds"":3,""level"":4,""mode"":""flanker"",""options"":{""flankerNestedCircleCount"":5},""rounds"":20,""theme"":""none""}","v1|{""level"":4,""mode"":""flanker"",""options"":{""flankerNestedCircleCount"":5}}",v1|theme=none,"v1|{""cueSeconds"":3,""level"":4,""rounds"":20}"
29,flanker-arrow-05,플랭커 5번 · 화살표 플랭커,flanker,attention,flanker,5,"{""flankerArrowMode"":""udlr""}",flanker-arrow,choiceReaction,none,20,3,true,다섯 화살표 중 가운데 방향만 보고 해당 방향으로 이동하는 화살표 플랭커 활동,"방향 방해 억제, 선택주의, 좌우 반응","v1|{""cueSeconds"":3,""level"":5,""mode"":""flanker"",""options"":{""flankerArrowMode"":""udlr""},""rounds"":20,""theme"":""none""}","v1|{""level"":5,""mode"":""flanker"",""options"":{""flankerArrowMode"":""udlr""}}",v1|theme=none,"v1|{""cueSeconds"":3,""level"":5,""rounds"":20}"
30,flanker-theme-06,플랭커 6번 · 테마 플랭커,flanker,attention,flanker,6,"{""variantColorTheme"":""fruit""}",flanker-theme,choiceReaction,fruit,20,3,true,선택한 이미지 테마(색상·과일 등 7종)가 다섯 원 안에 나타날 때 가운데 원 색 위치로 반응하는 테마 플랭커 활동,"이미지 색 반응, 방해 억제, 선택주의","v1|{""cueSeconds"":3,""level"":6,""mode"":""flanker"",""options"":{""variantColorTheme"":""fruit""},""rounds"":20,""theme"":""fruit""}","v1|{""level"":6,""mode"":""flanker"",""options"":{""variantColorTheme"":""fruit""}}",v1|theme=fruit,"v1|{""cueSeconds"":3,""level"":6,""rounds"":20}"
31,stroop-arrow-reverse-08,스트룹 과제 1번 · 공간 방향 · 색상,stroop,executive,basic,1,"{""spatialArrowColorMode"":""color"",""spatialArrowColorMapping"":""compass""}",stroop-arrow,complexReaction,none,20,3,true,방향별 색이 채워진 화살표를 보고 해당 방향 패드로 빠르게 이동하는 활동. 위 빨·좌 초·우 노·아래 파로 고정됩니다.,"방향 인지, 색-방향 연계, 수업 도입","v1|{""cueSeconds"":3,""level"":1,""mode"":""basic"",""options"":{""spatialArrowColorMapping"":""compass"",""spatialArrowColorMode"":""color""},""rounds"":20,""theme"":""none""}","v1|{""level"":1,""mode"":""basic"",""options"":{""spatialArrowColorMapping"":""compass"",""spatialArrowColorMode"":""color""}}",v1|theme=none,"v1|{""cueSeconds"":3,""level"":1,""rounds"":20}"
32,stroop-arrow-bg-47,스트룹 과제 · Arrow BG,stroop,executive,stroop,2,{},stroop-arrow,complexReaction,none,20,3,true,배경 색상과 화살표 방향이 충돌할 때 화살표 규칙에 따라 반응하는 복합 반응 활동,"색상-방향 충돌 처리, 규칙 우선 반응, 실행력 강화","v1|{""cueSeconds"":3,""level"":2,""mode"":""stroop"",""options"":{},""rounds"":20,""theme"":""none""}","v1|{""level"":2,""mode"":""stroop"",""options"":{}}",v1|theme=none,"v1|{""cueSeconds"":3,""level"":2,""rounds"":20}"
33,stroop-word-reverse-48,스트룹 과제 · Word Reverse,stroop,executive,stroop,3,{},stroop-word,complexReaction,none,20,3,true,단어 의미와 반대되는 규칙에 따라 반응하는 언어-운동 복합 반응 활동,"언어 간섭 처리, 규칙 역전, 실행력 심화","v1|{""cueSeconds"":3,""level"":3,""mode"":""stroop"",""options"":{},""rounds"":20,""theme"":""none""}","v1|{""level"":3,""mode"":""stroop"",""options"":{}}",v1|theme=none,"v1|{""cueSeconds"":3,""level"":3,""rounds"":20}"
34,stroop-word-bg-49,스트룹 과제 · 단어+배경,stroop,executive,stroop,4,"{""stroopWordMode"":""bg""}",stroop-word,complexReaction,none,20,3,true,배경 색상과 단어 의미가 충돌할 때 단어 규칙을 따라 반응하는 복합 반응 활동,"언어-색상 충돌 처리, 실행 제어, 심화 훈련","v1|{""cueSeconds"":3,""level"":4,""mode"":""stroop"",""options"":{""stroopWordMode"":""bg""},""rounds"":20,""theme"":""none""}","v1|{""level"":4,""mode"":""stroop"",""options"":{""stroopWordMode"":""bg""}}",v1|theme=none,"v1|{""cueSeconds"":3,""level"":4,""rounds"":20}"
35,stroop-missing-color-50,스트룹 과제 · 누락 색상 찾기,stroop,executive,stroop,4,"{""stroopWordMode"":""missing""}",stroop-missing,complexReaction,none,20,3,true,글자·잉크·배경에 쓰인 세 색을 제외한 남은 색을 찾아 말하는 활동,"탐색적 실행 제어, 빠진 정보 탐지, 고급 집중력","v1|{""cueSeconds"":3,""level"":4,""mode"":""stroop"",""options"":{""stroopWordMode"":""missing""},""rounds"":20,""theme"":""none""}","v1|{""level"":4,""mode"":""stroop"",""options"":{""stroopWordMode"":""missing""}}",v1|theme=none,"v1|{""cueSeconds"":3,""level"":4,""rounds"":20}"
36,sequential-memory-3color-09,순차 기억 1번 · 3 Color Memory,sequential-memory,executive,spatial,1,{},sequential-memory,sequentialMemory,none,10,3,true,차례로 제시되는 색 3개의 순서를 기억하고 몸으로 재현하는 기억 수행 활동,"순서 기억, 작업기억, 차분한 마무리 활동","v1|{""cueSeconds"":3,""level"":1,""mode"":""spatial"",""options"":{},""rounds"":10,""theme"":""none""}","v1|{""level"":1,""mode"":""spatial"",""options"":{}}",v1|theme=none,"v1|{""cueSeconds"":3,""level"":1,""rounds"":10}"
37,sequential-memory-5color-51,순차 기억 · 5 Color Memory,sequential-memory,executive,spatial,2,{},sequential-memory,sequentialMemory,none,10,3,true,차례로 제시되는 색 5개의 순서를 기억하고 몸으로 재현하는 기억 수행 활동,"순서 기억, 작업기억 확장, 집중 마무리 활동","v1|{""cueSeconds"":3,""level"":2,""mode"":""spatial"",""options"":{},""rounds"":10,""theme"":""none""}","v1|{""level"":2,""mode"":""spatial"",""options"":{}}",v1|theme=none,"v1|{""cueSeconds"":3,""level"":2,""rounds"":10}"
38,sequential-memory-10color-52,순차 기억 · 추가(3→7),sequential-memory,executive,spatial,3,{},sequential-memory,sequentialMemory,none,5,3,true,5라운드 동안 색 항 수가 3→7개로 늘어나는 색 순서 기억 활동,"점증 순서 기억, 작업기억 심화, 고급 마무리 활동","v1|{""cueSeconds"":3,""level"":3,""mode"":""spatial"",""options"":{},""rounds"":5,""theme"":""none""}","v1|{""level"":3,""mode"":""spatial"",""options"":{}}",v1|theme=none,"v1|{""cueSeconds"":3,""level"":3,""rounds"":5}"
39,sequential-memory-full-reveal-54,순차 기억 · Full Reveal,sequential-memory,executive,spatial,5,{},sequential-memory,sequentialMemory,none,10,3,true,전체 순서를 한 번에 보여준 후 재현하는 고급 전체 공개 기억 수행 활동,"전체 패턴 기억, 시각적 순서 인지, 극한 작업기억","v1|{""cueSeconds"":3,""level"":5,""mode"":""spatial"",""options"":{},""rounds"":10,""theme"":""none""}","v1|{""level"":5,""mode"":""spatial"",""options"":{}}",v1|theme=none,"v1|{""cueSeconds"":3,""level"":5,""rounds"":10}"
40,dive-standard,DIVE · 기본,dive,response,flow,1,"{""flowFeatures"":[""punch"",""kick"",""duck"",""reach""],""flowDuration"":20,""flowLayout"":""sequential"",""flowIncludeBonus"":false}",dive,diveBuiltIn,none,1,3,true,점프·펀치·킥·숙이기·벽 닿기를 순서대로 익히는 DIVE 기본 활동. 스테이지당 20초.,"전신 반응, DIVE 도입, 장애물 순차 학습","v1|{""cueSeconds"":3,""level"":1,""mode"":""flow"",""options"":{""flowDuration"":20,""flowFeatures"":[""punch"",""kick"",""duck"",""reach""],""flowIncludeBonus"":false,""flowLayout"":""sequential""},""rounds"":1,""theme"":""none""}","v1|{""level"":1,""mode"":""flow"",""options"":{""flowDuration"":20,""flowFeatures"":[""punch"",""kick"",""duck"",""reach""],""flowIncludeBonus"":false,""flowLayout"":""sequential""}}",v1|theme=none,"v1|{""cueSeconds"":3,""flowDuration"":20,""flowIncludeBonus"":false,""level"":1,""rounds"":1}"
41,dive-random,DIVE · 랜덤,dive,response,flow,1,"{""flowFeatures"":[""punch"",""kick"",""duck"",""reach""],""flowDuration"":60,""flowLayout"":""random""}",dive,diveBuiltIn,none,1,3,true,모든 장애물이 무작위로 등장하는 1분 DIVE 챌린지 활동,"종합 전신 반응, 챌린지, 수업 클라이맥스","v1|{""cueSeconds"":3,""level"":1,""mode"":""flow"",""options"":{""flowDuration"":60,""flowFeatures"":[""punch"",""kick"",""duck"",""reach""],""flowLayout"":""random""},""rounds"":1,""theme"":""none""}","v1|{""level"":1,""mode"":""flow"",""options"":{""flowDuration"":60,""flowFeatures"":[""punch"",""kick"",""duck"",""reach""],""flowLayout"":""random""}}",v1|theme=none,"v1|{""cueSeconds"":3,""flowDuration"":60,""level"":1,""rounds"":1}"
42,dive-color-gate-61,DIVE · Color Gate,dive,response,flow,2,"{""flowFeatures"":[""colorGate""],""flowDuration"":60,""flowLayout"":""sequential""}",dive,diveBuiltIn,none,1,3,true,DIVE 2단계: 빨·노·초·파 색 관문과 5가지 포즈(jump·kick·side-squat·lunge-reach·star)를 수행하는 활동,"색상 반응, 포즈 전환, DIVE 2단계","v1|{""cueSeconds"":3,""level"":2,""mode"":""flow"",""options"":{""flowDuration"":60,""flowFeatures"":[""colorGate""],""flowLayout"":""sequential""},""rounds"":1,""theme"":""none""}","v1|{""level"":2,""mode"":""flow"",""options"":{""flowDuration"":60,""flowFeatures"":[""colorGate""],""flowLayout"":""sequential""}}",v1|theme=none,"v1|{""cueSeconds"":3,""flowDuration"":60,""level"":2,""rounds"":1}"
43,reaction-cognition-l2-animal-exp,동물,reaction-cognition,response,basic,2,"{""variantColorTheme"":""animal""}",reaction-quadrant,simpleColorResponse,animal,20,3,true,2×2 그리드형 화면에서 한 칸에 표시되는 동물 신호를 보고 해당 색 패드 위치로 즉시 이동하는 활동,"색상 지각, 위치 선택, 반응-실행 연결","v1|{""cueSeconds"":3,""level"":2,""mode"":""basic"",""options"":{""variantColorTheme"":""animal""},""rounds"":20,""theme"":""animal""}","v1|{""level"":2,""mode"":""basic"",""options"":{}}",v1|theme=animal,"v1|{""cueSeconds"":3,""level"":2,""rounds"":20}"
44,reaction-cognition-l2-food-exp,음식,reaction-cognition,response,basic,2,"{""variantColorTheme"":""food""}",reaction-quadrant,simpleColorResponse,food,20,3,true,2×2 그리드형 화면에서 한 칸에 표시되는 음식 신호를 보고 해당 색 패드 위치로 즉시 이동하는 활동,"색상 지각, 위치 선택, 반응-실행 연결","v1|{""cueSeconds"":3,""level"":2,""mode"":""basic"",""options"":{""variantColorTheme"":""food""},""rounds"":20,""theme"":""food""}","v1|{""level"":2,""mode"":""basic"",""options"":{}}",v1|theme=food,"v1|{""cueSeconds"":3,""level"":2,""rounds"":20}"
45,reaction-cognition-l2-nature-exp,자연,reaction-cognition,response,basic,2,"{""variantColorTheme"":""nature""}",reaction-quadrant,simpleColorResponse,nature,20,3,true,2×2 그리드형 화면에서 한 칸에 표시되는 자연 신호를 보고 해당 색 패드 위치로 즉시 이동하는 활동,"색상 지각, 위치 선택, 반응-실행 연결","v1|{""cueSeconds"":3,""level"":2,""mode"":""basic"",""options"":{""variantColorTheme"":""nature""},""rounds"":20,""theme"":""nature""}","v1|{""level"":2,""mode"":""basic"",""options"":{}}",v1|theme=nature,"v1|{""cueSeconds"":3,""level"":2,""rounds"":20}"
46,reaction-cognition-l2-vehicle-exp,탈 것,reaction-cognition,response,basic,2,"{""variantColorTheme"":""vehicle""}",reaction-quadrant,simpleColorResponse,vehicle,20,3,true,2×2 그리드형 화면에서 한 칸에 표시되는 탈 것 신호를 보고 해당 색 패드 위치로 즉시 이동하는 활동,"색상 지각, 위치 선택, 반응-실행 연결","v1|{""cueSeconds"":3,""level"":2,""mode"":""basic"",""options"":{""variantColorTheme"":""vehicle""},""rounds"":20,""theme"":""vehicle""}","v1|{""level"":2,""mode"":""basic"",""options"":{}}",v1|theme=vehicle,"v1|{""cueSeconds"":3,""level"":2,""rounds"":20}"
47,reaction-cognition-l2-mix-exp,믹스,reaction-cognition,response,basic,2,"{""variantColorTheme"":""mix""}",reaction-quadrant,simpleColorResponse,mix,20,3,true,2×2 그리드형 화면에서 한 칸에 표시되는 믹스 신호를 보고 해당 색 패드 위치로 즉시 이동하는 활동,"색상 지각, 위치 선택, 반응-실행 연결","v1|{""cueSeconds"":3,""level"":2,""mode"":""basic"",""options"":{""variantColorTheme"":""mix""},""rounds"":20,""theme"":""mix""}","v1|{""level"":2,""mode"":""basic"",""options"":{}}",v1|theme=mix,"v1|{""cueSeconds"":3,""level"":2,""rounds"":20}"
48,reaction-cognition-l3-fruit-exp,전면단일 · 과일,reaction-cognition,response,basic,3,"{""variantColorTheme"":""fruit""}",reaction-full,themedFullResponse,fruit,20,4,true,전체형 화면 하나에 크게 표시되는 과일 신호를 보고 해당 색 패드 위치로 즉시 이동하는 전면단일 자극 활동,"전신 반응, 색·이미지 판단, 반응-실행 연결","v1|{""cueSeconds"":4,""level"":3,""mode"":""basic"",""options"":{""variantColorTheme"":""fruit""},""rounds"":20,""theme"":""fruit""}","v1|{""level"":3,""mode"":""basic"",""options"":{}}",v1|theme=fruit,"v1|{""cueSeconds"":4,""level"":3,""rounds"":20}"
49,reaction-cognition-l3-food-exp,전면단일 · 음식,reaction-cognition,response,basic,3,"{""variantColorTheme"":""food""}",reaction-full,themedFullResponse,food,20,3,true,전체형 화면 하나에 크게 표시되는 음식 신호를 보고 해당 색 패드 위치로 즉시 이동하는 전면단일 자극 활동,"전신 반응, 색·이미지 판단, 반응-실행 연결","v1|{""cueSeconds"":3,""level"":3,""mode"":""basic"",""options"":{""variantColorTheme"":""food""},""rounds"":20,""theme"":""food""}","v1|{""level"":3,""mode"":""basic"",""options"":{}}",v1|theme=food,"v1|{""cueSeconds"":3,""level"":3,""rounds"":20}"
50,reaction-cognition-l3-vehicle-exp,전면단일 · 탈 것,reaction-cognition,response,basic,3,"{""variantColorTheme"":""vehicle""}",reaction-full,themedFullResponse,vehicle,20,5,true,전체형 화면 하나에 크게 표시되는 탈 것 신호를 보고 해당 색 패드 위치로 즉시 이동하는 전면단일 자극 활동,"전신 반응, 색·이미지 판단, 반응-실행 연결","v1|{""cueSeconds"":5,""level"":3,""mode"":""basic"",""options"":{""variantColorTheme"":""vehicle""},""rounds"":20,""theme"":""vehicle""}","v1|{""level"":3,""mode"":""basic"",""options"":{}}",v1|theme=vehicle,"v1|{""cueSeconds"":5,""level"":3,""rounds"":20}"
51,reaction-cognition-l3-mix-exp,전면단일 · 믹스,reaction-cognition,response,basic,3,"{""variantColorTheme"":""mix""}",reaction-full,themedFullResponse,mix,20,4,true,전체형 화면 하나에 크게 표시되는 믹스 신호를 보고 해당 색 패드 위치로 즉시 이동하는 전면단일 자극 활동,"전신 반응, 색·이미지 판단, 반응-실행 연결","v1|{""cueSeconds"":4,""level"":3,""mode"":""basic"",""options"":{""variantColorTheme"":""mix""},""rounds"":20,""theme"":""mix""}","v1|{""level"":3,""mode"":""basic"",""options"":{}}",v1|theme=mix,"v1|{""cueSeconds"":4,""level"":3,""rounds"":20}"
52,reaction-cognition-l4-fruit-exp,2분할 · 과일,reaction-cognition,response,basic,4,"{""variantColorTheme"":""fruit""}",reaction-split,simpleColorResponse,fruit,20,3,true,2분할 패널형 화면의 좌우 두 패널에 표시되는 과일 신호를 보고 해당 색 패드 위치로 즉시 이동하는 활동,"선택 반응, 양측 이동, 색·이미지 판단, 반응-실행 연결","v1|{""cueSeconds"":3,""level"":4,""mode"":""basic"",""options"":{""variantColorTheme"":""fruit""},""rounds"":20,""theme"":""fruit""}","v1|{""level"":4,""mode"":""basic"",""options"":{}}",v1|theme=fruit,"v1|{""cueSeconds"":3,""level"":4,""rounds"":20}"
53,reaction-cognition-l4-animal-exp,2분할 · 동물,reaction-cognition,response,basic,4,"{""variantColorTheme"":""animal""}",reaction-split,simpleColorResponse,animal,20,3,true,2분할 패널형 화면의 좌우 두 패널에 표시되는 동물 신호를 보고 해당 색 패드 위치로 즉시 이동하는 활동,"선택 반응, 양측 이동, 색·이미지 판단, 반응-실행 연결","v1|{""cueSeconds"":3,""level"":4,""mode"":""basic"",""options"":{""variantColorTheme"":""animal""},""rounds"":20,""theme"":""animal""}","v1|{""level"":4,""mode"":""basic"",""options"":{}}",v1|theme=animal,"v1|{""cueSeconds"":3,""level"":4,""rounds"":20}"
54,reaction-cognition-l4-food-exp,2분할 · 음식,reaction-cognition,response,basic,4,"{""variantColorTheme"":""food""}",reaction-split,simpleColorResponse,food,20,3,true,2분할 패널형 화면의 좌우 두 패널에 표시되는 음식 신호를 보고 해당 색 패드 위치로 즉시 이동하는 활동,"선택 반응, 양측 이동, 색·이미지 판단, 반응-실행 연결","v1|{""cueSeconds"":3,""level"":4,""mode"":""basic"",""options"":{""variantColorTheme"":""food""},""rounds"":20,""theme"":""food""}","v1|{""level"":4,""mode"":""basic"",""options"":{}}",v1|theme=food,"v1|{""cueSeconds"":3,""level"":4,""rounds"":20}"
55,reaction-cognition-l4-nature-exp,2분할 · 자연,reaction-cognition,response,basic,4,"{""variantColorTheme"":""nature""}",reaction-split,simpleColorResponse,nature,20,3,true,2분할 패널형 화면의 좌우 두 패널에 표시되는 자연 신호를 보고 해당 색 패드 위치로 즉시 이동하는 활동,"선택 반응, 양측 이동, 색·이미지 판단, 반응-실행 연결","v1|{""cueSeconds"":3,""level"":4,""mode"":""basic"",""options"":{""variantColorTheme"":""nature""},""rounds"":20,""theme"":""nature""}","v1|{""level"":4,""mode"":""basic"",""options"":{}}",v1|theme=nature,"v1|{""cueSeconds"":3,""level"":4,""rounds"":20}"
56,reaction-cognition-l4-vehicle-exp,2분할 · 탈 것,reaction-cognition,response,basic,4,"{""variantColorTheme"":""vehicle""}",reaction-split,simpleColorResponse,vehicle,20,3,true,2분할 패널형 화면의 좌우 두 패널에 표시되는 탈 것 신호를 보고 해당 색 패드 위치로 즉시 이동하는 활동,"선택 반응, 양측 이동, 색·이미지 판단, 반응-실행 연결","v1|{""cueSeconds"":3,""level"":4,""mode"":""basic"",""options"":{""variantColorTheme"":""vehicle""},""rounds"":20,""theme"":""vehicle""}","v1|{""level"":4,""mode"":""basic"",""options"":{}}",v1|theme=vehicle,"v1|{""cueSeconds"":3,""level"":4,""rounds"":20}"
57,reaction-cognition-l4-mix-exp,2분할 · 믹스,reaction-cognition,response,basic,4,"{""variantColorTheme"":""mix""}",reaction-split,simpleColorResponse,mix,20,3,true,2분할 패널형 화면의 좌우 두 패널에 표시되는 믹스 신호를 보고 해당 색 패드 위치로 즉시 이동하는 활동,"선택 반응, 양측 이동, 색·이미지 판단, 반응-실행 연결","v1|{""cueSeconds"":3,""level"":4,""mode"":""basic"",""options"":{""variantColorTheme"":""mix""},""rounds"":20,""theme"":""mix""}","v1|{""level"":4,""mode"":""basic"",""options"":{}}",v1|theme=mix,"v1|{""cueSeconds"":3,""level"":4,""rounds"":20}"
58,reaction-cognition-l5-fruit-exp,3분할 · 과일,reaction-cognition,response,basic,5,"{""variantColorTheme"":""fruit""}",reaction-triple,simpleColorResponse,fruit,20,3,true,3분할 패널형 화면의 세 패널에 표시되는 서로 다른 과일 신호 중 목표 색을 골라 해당 색 패드 위치로 즉시 이동하는 활동,"선택 반응, 시선 분산, 색·이미지 판단, 반응-실행 연결","v1|{""cueSeconds"":3,""level"":5,""mode"":""basic"",""options"":{""variantColorTheme"":""fruit""},""rounds"":20,""theme"":""fruit""}","v1|{""level"":5,""mode"":""basic"",""options"":{}}",v1|theme=fruit,"v1|{""cueSeconds"":3,""level"":5,""rounds"":20}"
59,reaction-cognition-l5-animal-exp,3분할 · 동물,reaction-cognition,response,basic,5,"{""variantColorTheme"":""animal""}",reaction-triple,simpleColorResponse,animal,20,3,true,3분할 패널형 화면의 세 패널에 표시되는 서로 다른 동물 신호 중 목표 색을 골라 해당 색 패드 위치로 즉시 이동하는 활동,"선택 반응, 시선 분산, 색·이미지 판단, 반응-실행 연결","v1|{""cueSeconds"":3,""level"":5,""mode"":""basic"",""options"":{""variantColorTheme"":""animal""},""rounds"":20,""theme"":""animal""}","v1|{""level"":5,""mode"":""basic"",""options"":{}}",v1|theme=animal,"v1|{""cueSeconds"":3,""level"":5,""rounds"":20}"
60,reaction-cognition-l5-food-exp,3분할 · 음식,reaction-cognition,response,basic,5,"{""variantColorTheme"":""food""}",reaction-triple,simpleColorResponse,food,20,3,true,3분할 패널형 화면의 세 패널에 표시되는 서로 다른 음식 신호 중 목표 색을 골라 해당 색 패드 위치로 즉시 이동하는 활동,"선택 반응, 시선 분산, 색·이미지 판단, 반응-실행 연결","v1|{""cueSeconds"":3,""level"":5,""mode"":""basic"",""options"":{""variantColorTheme"":""food""},""rounds"":20,""theme"":""food""}","v1|{""level"":5,""mode"":""basic"",""options"":{}}",v1|theme=food,"v1|{""cueSeconds"":3,""level"":5,""rounds"":20}"
61,reaction-cognition-l5-nature-exp,3분할 · 자연,reaction-cognition,response,basic,5,"{""variantColorTheme"":""nature""}",reaction-triple,simpleColorResponse,nature,20,3,true,3분할 패널형 화면의 세 패널에 표시되는 서로 다른 자연 신호 중 목표 색을 골라 해당 색 패드 위치로 즉시 이동하는 활동,"선택 반응, 시선 분산, 색·이미지 판단, 반응-실행 연결","v1|{""cueSeconds"":3,""level"":5,""mode"":""basic"",""options"":{""variantColorTheme"":""nature""},""rounds"":20,""theme"":""nature""}","v1|{""level"":5,""mode"":""basic"",""options"":{}}",v1|theme=nature,"v1|{""cueSeconds"":3,""level"":5,""rounds"":20}"
62,reaction-cognition-l5-vehicle-exp,3분할 · 탈 것,reaction-cognition,response,basic,5,"{""variantColorTheme"":""vehicle""}",reaction-triple,simpleColorResponse,vehicle,20,3,true,3분할 패널형 화면의 세 패널에 표시되는 서로 다른 탈 것 신호 중 목표 색을 골라 해당 색 패드 위치로 즉시 이동하는 활동,"선택 반응, 시선 분산, 색·이미지 판단, 반응-실행 연결","v1|{""cueSeconds"":3,""level"":5,""mode"":""basic"",""options"":{""variantColorTheme"":""vehicle""},""rounds"":20,""theme"":""vehicle""}","v1|{""level"":5,""mode"":""basic"",""options"":{}}",v1|theme=vehicle,"v1|{""cueSeconds"":3,""level"":5,""rounds"":20}"
63,reaction-cognition-l5-mix-exp,3분할 · 믹스,reaction-cognition,response,basic,5,"{""variantColorTheme"":""mix""}",reaction-triple,simpleColorResponse,mix,20,3,true,3분할 패널형 화면의 세 패널에 표시되는 서로 다른 믹스 신호 중 목표 색을 골라 해당 색 패드 위치로 즉시 이동하는 활동,"선택 반응, 시선 분산, 색·이미지 판단, 반응-실행 연결","v1|{""cueSeconds"":3,""level"":5,""mode"":""basic"",""options"":{""variantColorTheme"":""mix""},""rounds"":20,""theme"":""mix""}","v1|{""level"":5,""mode"":""basic"",""options"":{}}",v1|theme=mix,"v1|{""cueSeconds"":3,""level"":5,""rounds"":20}"
64,reaction-cognition-l6-fruit-exp,랜덤분할 · 과일,reaction-cognition,response,basic,6,"{""variantColorTheme"":""fruit""}",reaction-triple-diff,simpleColorResponse,fruit,20,3,true,전면 1개·2분할·3분할이 20%·30%·50% 확률로 바뀌며 제시되는 과일 신호를 보고 해당 색 패드 위치로 즉시 이동하는 활동,"심화 선택 반응, 시선 분산, 색·이미지 판단, 반응-실행 연결","v1|{""cueSeconds"":3,""level"":6,""mode"":""basic"",""options"":{""variantColorTheme"":""fruit""},""rounds"":20,""theme"":""fruit""}","v1|{""level"":6,""mode"":""basic"",""options"":{}}",v1|theme=fruit,"v1|{""cueSeconds"":3,""level"":6,""rounds"":20}"
65,reaction-cognition-l6-animal-exp,랜덤분할 · 동물,reaction-cognition,response,basic,6,"{""variantColorTheme"":""animal""}",reaction-triple-diff,simpleColorResponse,animal,20,3,true,전면 1개·2분할·3분할이 20%·30%·50% 확률로 바뀌며 제시되는 동물 신호를 보고 해당 색 패드 위치로 즉시 이동하는 활동,"심화 선택 반응, 시선 분산, 색·이미지 판단, 반응-실행 연결","v1|{""cueSeconds"":3,""level"":6,""mode"":""basic"",""options"":{""variantColorTheme"":""animal""},""rounds"":20,""theme"":""animal""}","v1|{""level"":6,""mode"":""basic"",""options"":{}}",v1|theme=animal,"v1|{""cueSeconds"":3,""level"":6,""rounds"":20}"
66,reaction-cognition-l6-food-exp,랜덤분할 · 음식,reaction-cognition,response,basic,6,"{""variantColorTheme"":""food""}",reaction-triple-diff,simpleColorResponse,food,20,3,true,전면 1개·2분할·3분할이 20%·30%·50% 확률로 바뀌며 제시되는 음식 신호를 보고 해당 색 패드 위치로 즉시 이동하는 활동,"심화 선택 반응, 시선 분산, 색·이미지 판단, 반응-실행 연결","v1|{""cueSeconds"":3,""level"":6,""mode"":""basic"",""options"":{""variantColorTheme"":""food""},""rounds"":20,""theme"":""food""}","v1|{""level"":6,""mode"":""basic"",""options"":{}}",v1|theme=food,"v1|{""cueSeconds"":3,""level"":6,""rounds"":20}"
67,reaction-cognition-l6-nature-exp,랜덤분할 · 자연,reaction-cognition,response,basic,6,"{""variantColorTheme"":""nature""}",reaction-triple-diff,simpleColorResponse,nature,20,3,true,전면 1개·2분할·3분할이 20%·30%·50% 확률로 바뀌며 제시되는 자연 신호를 보고 해당 색 패드 위치로 즉시 이동하는 활동,"심화 선택 반응, 시선 분산, 색·이미지 판단, 반응-실행 연결","v1|{""cueSeconds"":3,""level"":6,""mode"":""basic"",""options"":{""variantColorTheme"":""nature""},""rounds"":20,""theme"":""nature""}","v1|{""level"":6,""mode"":""basic"",""options"":{}}",v1|theme=nature,"v1|{""cueSeconds"":3,""level"":6,""rounds"":20}"
68,reaction-cognition-l6-vehicle-exp,랜덤분할 · 탈 것,reaction-cognition,response,basic,6,"{""variantColorTheme"":""vehicle""}",reaction-triple-diff,simpleColorResponse,vehicle,20,3,true,전면 1개·2분할·3분할이 20%·30%·50% 확률로 바뀌며 제시되는 탈 것 신호를 보고 해당 색 패드 위치로 즉시 이동하는 활동,"심화 선택 반응, 시선 분산, 색·이미지 판단, 반응-실행 연결","v1|{""cueSeconds"":3,""level"":6,""mode"":""basic"",""options"":{""variantColorTheme"":""vehicle""},""rounds"":20,""theme"":""vehicle""}","v1|{""level"":6,""mode"":""basic"",""options"":{}}",v1|theme=vehicle,"v1|{""cueSeconds"":3,""level"":6,""rounds"":20}"
69,reaction-cognition-l6-mix-exp,랜덤분할 · 믹스,reaction-cognition,response,basic,6,"{""variantColorTheme"":""mix""}",reaction-triple-diff,simpleColorResponse,mix,20,3,true,전면 1개·2분할·3분할이 20%·30%·50% 확률로 바뀌며 제시되는 믹스 신호를 보고 해당 색 패드 위치로 즉시 이동하는 활동,"심화 선택 반응, 시선 분산, 색·이미지 판단, 반응-실행 연결","v1|{""cueSeconds"":3,""level"":6,""mode"":""basic"",""options"":{""variantColorTheme"":""mix""},""rounds"":20,""theme"":""mix""}","v1|{""level"":6,""mode"":""basic"",""options"":{}}",v1|theme=mix,"v1|{""cueSeconds"":3,""level"":6,""rounds"":20}"
70,simon-mixed-gallery-exp,사이먼 효과 · 믹스 갤러리,simon,attention,simon,3,{},simon-mixed,choiceReaction,none,20,3,true,과일·동물 등 변형 색상 이미지가 섞여 극단 위치에 나타날 때 이미지 색(패드) 위치로 반응하는 활동,"혼합 자극 처리, 선택주의 심화, 이미지 색 반응","v1|{""cueSeconds"":3,""level"":3,""mode"":""simon"",""options"":{},""rounds"":20,""theme"":""none""}","v1|{""level"":3,""mode"":""simon"",""options"":{}}",v1|theme=none,"v1|{""cueSeconds"":3,""level"":3,""rounds"":20}"
71,flanker-arrow-udlr-exp,플랭커 · 화살표 · 상하좌우,flanker,attention,flanker,5,"{""flankerArrowMode"":""udlr""}",flanker-arrow,choiceReaction,none,20,3,true,상하좌우 화살표 방해 자극 속에서 가운데 방향만 보고 반응하는 응용 화살표 플랭커 활동,"방향 방해 억제, 상하좌우 반응, 선택주의","v1|{""cueSeconds"":3,""level"":5,""mode"":""flanker"",""options"":{""flankerArrowMode"":""udlr""},""rounds"":20,""theme"":""none""}","v1|{""level"":5,""mode"":""flanker"",""options"":{""flankerArrowMode"":""udlr""}}",v1|theme=none,"v1|{""cueSeconds"":3,""level"":5,""rounds"":20}"
72,flanker-uniform-number-exp,플랭커 · Uniform · 숫자,flanker,attention,flanker,1,"{""flankerStimulusType"":""number""}",flanker-uniform,choiceReaction,none,20,3,true,다섯 원이 같은 색일 때 가운데 숫자에 맞는 색 위치로 반응하는 숫자 플랭커 활동,"숫자·색 매칭, 선택주의, 방해 억제","v1|{""cueSeconds"":3,""level"":1,""mode"":""flanker"",""options"":{""flankerStimulusType"":""number""},""rounds"":20,""theme"":""none""}","v1|{""level"":1,""mode"":""flanker"",""options"":{""flankerStimulusType"":""number""}}",v1|theme=none,"v1|{""cueSeconds"":3,""level"":1,""rounds"":20}"
73,flanker-random-number-exp,플랭커 · Random · 숫자,flanker,attention,flanker,2,"{""flankerStimulusType"":""number""}",flanker-random,choiceReaction,none,20,3,true,무작위 색 원 중 가운데 숫자에 맞는 색 위치로 반응하는 숫자 플랭커 활동,"숫자·색 매칭, 무작위 방해 억제, 선택주의","v1|{""cueSeconds"":3,""level"":2,""mode"":""flanker"",""options"":{""flankerStimulusType"":""number""},""rounds"":20,""theme"":""none""}","v1|{""level"":2,""mode"":""flanker"",""options"":{""flankerStimulusType"":""number""}}",v1|theme=none,"v1|{""cueSeconds"":3,""level"":2,""rounds"":20}"
74,flanker-5circle-number-exp,플랭커 · 5원 극단 · 숫자,flanker,attention,flanker,3,"{""flankerStimulusType"":""number""}",flanker-5circle,choiceReaction,none,20,3,true,극단적 크기 대비 다섯 원에서 가운데 숫자에 맞는 색 위치로 반응하는 숫자 플랭커 활동,"숫자·색 매칭, 크기 극단 비교, 선택주의","v1|{""cueSeconds"":3,""level"":3,""mode"":""flanker"",""options"":{""flankerStimulusType"":""number""},""rounds"":20,""theme"":""none""}","v1|{""level"":3,""mode"":""flanker"",""options"":{""flankerStimulusType"":""number""}}",v1|theme=none,"v1|{""cueSeconds"":3,""level"":3,""rounds"":20}"
75,sequential-memory-color-number-exp,순차 기억 · Color-Number Quiz,sequential-memory,executive,spatial,4,{},sequential-memory,sequentialMemory,none,10,3,true,번호 1~10에 매칭된 색을 기억하고 질문에 답하는 색·번호 연합 기억 활동,"색·번호 연합 기억, 작업기억, 퀴즈형 마무리","v1|{""cueSeconds"":3,""level"":4,""mode"":""spatial"",""options"":{},""rounds"":10,""theme"":""none""}","v1|{""level"":4,""mode"":""spatial"",""options"":{}}",v1|theme=none,"v1|{""cueSeconds"":3,""level"":4,""rounds"":10}"
76,sequential-memory-custom-10color-exp,순차 기억 · Custom 10-Color,sequential-memory,executive,spatial,6,{},sequential-memory,sequentialMemory,none,10,3,true,1~10번 슬롯에 빨·노·초·파를 직접 지정해 순서를 기억하고 재현하는 고급 기억 활동,"직접 지정 순서 기억, 작업기억 극한, 심화 마무리","v1|{""cueSeconds"":3,""level"":6,""mode"":""spatial"",""options"":{},""rounds"":10,""theme"":""none""}","v1|{""level"":6,""mode"":""spatial"",""options"":{}}",v1|theme=none,"v1|{""cueSeconds"":3,""level"":6,""rounds"":10}"
